List 1,List 2,List 3,List 4,List 5,List 6,List 7,List 8,List 9,List 10
Alex,Audrey,Andy,Ana,Aidan,Alissa,Alberto,Angela,Angelo,Alice
Beatrice,Brandon,Bonnie,Bryan,Bella,Benjamin,Blaise,Bernardo,Brenda,Bruce
Colin,Christine,Charlie,Cissy,Carson,Carmen,Carlos,Corliss,Cole,Candy
Dawn,David,Dorcas,Dominic,Diana,Daniel,Daisy,Derrick,Doris,Dylan
Ernest,Elyse,Erik,Esther,Erling,Emmelyn,Frederick,Flavia,Facundo,Frances
Grace,Geoffrey,Gloria,Gabriel,Greta,Gregory,Gwyneth,Gareth,Gianna,Giovanni
Harrison,Hope,Hubert,Helena,Hendrik,Hazel,Ian,Ivanka,Inaki,Ivy
Janet,Jacob,Josie,John,Julie,Joshua,Jessica,Justin,Jaime,Jack
Kinen,Katrina,Keith,Kannas,Kevin,Kelly,Kyle,Kyan,Kelechi,Kiley
Lydia,Luke,Lily,Lomy,Laura,Luca,Lorraine,Lionel,Laurel,Luigi
Mario,Maho,Marco,Mandy,Manuel,Mary,Manfred,Melody,Micah,Michelle
Nicole,Nicholas,Noelle,Nathan,Naomi,Nabil,Oxlip,Oscar,Olivia,Ollie
Phil,Peach,Quinn,Queenie,Rocco,Rosalina,Romeo,Rachel,Ruben,Rosita
Song,Samson,Shannon,Samuel,Shirley,Skyler,Sofiee,Savio,Seldoen,Sergio
Tony,Tiffany,Thomas,Tatiana,Timothy,Tracy,Travis,Torie,Toby,Tess
Victoria,Victor,Winnie,William,Wendy,Wilson,Yan,Yoshi,Zoe,Zack